-- ============================================================
-- EKANTIK INVESTMENT RESEARCH — SEED DATA
-- ============================================================

-- System configuration defaults
INSERT OR IGNORE INTO system_config (key, value) VALUES
  ('market_mode', '"bull"'),
  ('portfolio_equity', '100000'),
  ('heat_ceiling_pct', '20'),
  ('stocks_leaps_risk_cap_pct', '14'),
  ('options_risk_cap_pct', '6'),
  ('max_position_size_pct', '10'),
  ('min_position_size_pct', '5');

-- Magnificent 7 Tickers
INSERT OR IGNORE INTO tickers (id, symbol, name, sector, industry, is_mag7, is_watchlist, last_price, price_change_pct, market_cap, forward_pe, earnings_date) VALUES
  ('t-aapl', 'AAPL', 'Apple Inc.', 'Technology', 'Consumer Electronics', 1, 1, 242.35, 1.28, 3680000000000, 31.2, '2026-04-24'),
  ('t-msft', 'MSFT', 'Microsoft Corporation', 'Technology', 'Software Infrastructure', 1, 1, 452.80, 0.85, 3360000000000, 34.5, '2026-04-22'),
  ('t-googl', 'GOOGL', 'Alphabet Inc.', 'Technology', 'Internet Content', 1, 1, 192.45, -0.42, 2380000000000, 22.8, '2026-04-29'),
  ('t-amzn', 'AMZN', 'Amazon.com Inc.', 'Technology', 'Internet Retail', 1, 1, 228.90, 2.15, 2400000000000, 38.1, '2026-04-30'),
  ('t-meta', 'META', 'Meta Platforms Inc.', 'Technology', 'Internet Content', 1, 1, 685.20, 0.63, 1740000000000, 26.4, '2026-04-23'),
  ('t-nvda', 'NVDA', 'NVIDIA Corporation', 'Technology', 'Semiconductors', 1, 1, 138.25, 3.47, 3400000000000, 32.6, '2026-05-21'),
  ('t-tsla', 'TSLA', 'Tesla Inc.', 'Technology', 'Auto Manufacturers', 1, 1, 352.40, -1.82, 1130000000000, 95.3, '2026-04-22');

-- Additional watchlist tickers  
INSERT OR IGNORE INTO tickers (id, symbol, name, sector, industry, is_mag7, is_watchlist, last_price, price_change_pct, market_cap, forward_pe, earnings_date) VALUES
  ('t-crwd', 'CRWD', 'CrowdStrike Holdings', 'Technology', 'Cybersecurity', 0, 1, 398.50, 1.92, 98000000000, 72.1, '2026-03-04'),
  ('t-pltr', 'PLTR', 'Palantir Technologies', 'Technology', 'Software Application', 0, 1, 112.80, 4.35, 256000000000, 148.2, '2026-05-05'),
  ('t-snow', 'SNOW', 'Snowflake Inc.', 'Technology', 'Software Infrastructure', 0, 1, 185.60, -0.78, 62000000000, 185.0, '2026-02-26'),
  ('t-coin', 'COIN', 'Coinbase Global', 'Financial Services', 'Financial Data', 0, 1, 298.40, 5.12, 75000000000, 28.5, '2026-05-08'),
  ('t-amd', 'AMD', 'Advanced Micro Devices', 'Technology', 'Semiconductors', 0, 1, 162.30, 2.08, 263000000000, 28.9, '2026-04-29');

-- AOMG Themes
INSERT OR IGNORE INTO aomg_themes (id, name, description, quarter, year, tam_estimate, sam_estimate, som_estimate, status, ai_score_composite, sentiment_drivers, sentiment_constraints, key_catalysts) VALUES
  ('aomg-ai-infra', 'AI Infrastructure & Compute', 'The foundational layer enabling AI revolution — GPUs, custom silicon, data center buildout, and cloud AI services. Hyperscaler capex cycle is the primary demand signal.', 'Q1', 2026, 450000000000, 180000000000, 45000000000, 'active', 8.9, '["Hyperscaler capex acceleration","Enterprise AI adoption S-curve","Sovereign AI initiatives","Agentic AI compute demand"]', '["GPU supply/demand normalization","Energy constraints on data centers","China export restrictions"]', '["NVDA Blackwell Ultra launch","MSFT Azure AI revenue disclosure","GOOGL TPU v6 benchmarks"]'),
  ('aomg-ai-software', 'AI-Native Software & Agents', 'Software companies rebuilding products with AI at the core — copilots, agents, and autonomous workflows replacing traditional SaaS.', 'Q1', 2026, 280000000000, 85000000000, 12000000000, 'active', 7.8, '["GitHub Copilot enterprise adoption","Salesforce Agentforce traction","Vertical AI agent proliferation"]', '["AI accuracy/hallucination concerns","Enterprise procurement cycles","Open-source competition"]', '["MSFT Copilot revenue breakout","CRM Agentforce metrics","Anthropic enterprise deals"]'),
  ('aomg-energy-transition', 'Data Center Energy & Grid Modernization', 'Explosive data center power demand creating a structural energy shortage — nuclear renaissance, grid infrastructure, and power generation.', 'Q1', 2026, 190000000000, 65000000000, 8000000000, 'monitoring', 7.2, '["Data center power demand 2-3x by 2028","Nuclear restart momentum","Grid bottleneck recognition"]', '["Permitting delays","NIMBYism on nuclear","Utility capex recovery timelines"]', '["SMR regulatory approvals","Utility AI load contracts","DOE nuclear funding announcements"]');

-- Sample AI Scores
INSERT OR IGNORE INTO ai_scores (id, ticker_id, report_id, tam_score, bias_score, superlative_score, disruption_score, composite, conviction_level, scored_at) VALUES
  ('as-nvda-1', 't-nvda', NULL, 9.5, 7.8, 9.2, 8.8, 8.8, 'HIGH', '2026-02-14'),
  ('as-nvda-2', 't-nvda', NULL, 9.3, 8.0, 9.0, 8.5, 8.7, 'HIGH', '2026-02-07'),
  ('as-msft-1', 't-msft', NULL, 8.8, 6.5, 8.5, 7.2, 7.8, 'HIGH', '2026-02-14'),
  ('as-aapl-1', 't-aapl', NULL, 7.2, 5.8, 8.8, 6.0, 7.0, 'MEDIUM', '2026-02-14'),
  ('as-meta-1', 't-meta', NULL, 8.5, 7.2, 7.8, 8.0, 7.9, 'HIGH', '2026-02-14'),
  ('as-amzn-1', 't-amzn', NULL, 9.0, 6.8, 8.0, 7.5, 7.8, 'HIGH', '2026-02-14'),
  ('as-googl-1', 't-googl', NULL, 8.8, 7.5, 8.2, 7.8, 8.1, 'HIGH', '2026-02-14'),
  ('as-tsla-1', 't-tsla', NULL, 8.0, 8.5, 7.0, 8.8, 8.1, 'HIGH', '2026-02-14'),
  ('as-crwd-1', 't-crwd', NULL, 8.2, 6.0, 8.5, 7.0, 7.4, 'MEDIUM', '2026-02-14'),
  ('as-pltr-1', 't-pltr', NULL, 8.5, 8.8, 7.5, 8.2, 8.3, 'HIGH', '2026-02-14');

-- Sample Research Reports
INSERT OR IGNORE INTO research_reports (id, agent_type, ticker_symbols, trigger_source, model_used, api_mode, raw_markdown, structured_json, impact_score, ai_composite_score, conviction_level, cost_estimate, processing_time_ms, status, created_at) VALUES
  ('rr-001', 'material_events', '["NVDA"]', 'slack', 'claude-sonnet-4-5', 'standard', '# Material Events Intelligence: NVDA\n\n## Executive Scan\n\nNVIDIA''s Blackwell Ultra architecture announcement represents a **significant catalyst** for H2 2026 earnings, with hyperscaler order visibility extending through 2027. The GB300 NVL72 rack-scale solution has secured commitments from all major cloud providers.\n\n### Key Events\n\n1. **Blackwell Ultra Production Ramp** (Impact: HIGH)\n   - Full production starting Q2 2026\n   - ASP uplift of 40-60% vs prior generation\n   - Estimated $15B+ incremental revenue opportunity\n\n2. **Microsoft Azure AI Expansion Deal** (Impact: HIGH)\n   - $8B multi-year commitment for next-gen GPU clusters\n   - Validates sustained hyperscaler demand trajectory\n\n3. **China Export Control Tightening** (Impact: MEDIUM)\n   - New restrictions on H20 chip variants\n   - ~$4B annual revenue at risk, but offset by demand elsewhere', '{"impact_score":"H","ai_scores":{"tam":9.5,"bias_formation":7.8,"superlative_products":9.2,"disruption":8.8,"composite":8.8},"conviction_level":"HIGH","trade_signals":[{"type":"breakout","ticker":"NVDA","confidence":8.5,"engine":"stocks_leaps","entry_price":135.00,"stop_price":118.00,"target_price":175.00,"thesis":"Blackwell Ultra ramp creates 40%+ revenue growth visibility","invalidation":"Hyperscaler capex cuts or Blackwell yield issues","time_horizon":"6_months"}],"material_events":[{"title":"Blackwell Ultra Production Ramp","impact":"H","category":"product","date":"2026-04-01","earnings_impact_pct":15.0,"catalyst_timeline":"90_days"},{"title":"Microsoft Azure AI Expansion Deal","impact":"H","category":"partnership","date":"2026-02-10","earnings_impact_pct":8.0,"catalyst_timeline":"immediate"},{"title":"China Export Control Tightening","impact":"M","category":"regulatory","date":"2026-02-15","earnings_impact_pct":-3.5,"catalyst_timeline":"30_days"}],"key_takeaway":"NVDA Blackwell Ultra ramp + Azure mega-deal create strongest forward visibility since Hopper launch. China risk manageable at <5% of revenue."}', 'H', 8.8, 'HIGH', 0.045, 28500, 'completed', '2026-02-21 08:30:00'),
  
  ('rr-002', 'material_events', '["MSFT"]', 'cron', 'claude-sonnet-4-5', 'batch', '# Material Events Intelligence: MSFT\n\n## Executive Scan\n\nMicrosoft''s AI revenue disclosure shows Copilot enterprise penetration accelerating beyond expectations. Azure AI services crossed $15B annual run rate, up 85% YoY.\n\n### Key Events\n\n1. **Azure AI $15B ARR Milestone** (Impact: HIGH)\n   - 85% YoY growth rate sustained\n   - Copilot enterprise seats passed 2M\n\n2. **Gaming Division Strategic Review** (Impact: MEDIUM)\n   - Potential restructuring of Activision integration\n   - Could unlock $3-5B in cost savings', '{"impact_score":"H","ai_scores":{"tam":8.8,"bias_formation":6.5,"superlative_products":8.5,"disruption":7.2,"composite":7.8},"conviction_level":"HIGH","trade_signals":[{"type":"breakout","ticker":"MSFT","confidence":7.8,"engine":"stocks_leaps","entry_price":445.00,"stop_price":415.00,"target_price":520.00,"thesis":"Azure AI monetization inflection drives re-rating","invalidation":"Azure growth deceleration below 30%","time_horizon":"6_months"}],"material_events":[{"title":"Azure AI $15B ARR Milestone","impact":"H","category":"earnings","date":"2026-02-18","earnings_impact_pct":12.0,"catalyst_timeline":"immediate"},{"title":"Gaming Division Strategic Review","impact":"M","category":"management","date":"2026-02-20","earnings_impact_pct":3.0,"catalyst_timeline":"90_days"}],"key_takeaway":"MSFT Azure AI monetization hitting inflection — $15B ARR at 85% growth positions for re-rating to premium multiple."}', 'H', 7.8, 'HIGH', 0.018, 42000, 'completed', '2026-02-20 14:00:00'),

  ('rr-003', 'bias_mode', '["TSLA"]', 'slack', 'claude-sonnet-4-5', 'standard', '# Bias Mode Detection: TSLA\n\n## Summary\n\nTesla displays classic narrative-driven pricing with extreme sentiment divergence. The stock trades at 95x forward PE, pricing in robotaxi and Optimus success that remains unproven at scale.\n\n### Scoring\n- Fundamental: 4.2/10 — Valuation extreme, auto margins compressing\n- Market: 6.8/10 — Strong momentum, high short interest creates squeeze potential\n- Sentiment: 8.5/10 — Maximum narrative intensity around AI/robotics\n- Alt Data: 5.5/10 — App downloads stable, web traffic mixed', '{"impact_score":"M","ai_scores":{"tam":8.0,"bias_formation":8.5,"superlative_products":7.0,"disruption":8.8,"composite":8.1},"conviction_level":"HIGH","trade_signals":[],"material_events":[{"title":"FSD v13 Unsupervised Launch Timeline","impact":"H","category":"product","date":"2026-06-01","earnings_impact_pct":null,"catalyst_timeline":"next_quarter"},{"title":"Robotaxi Austin Launch Delayed","impact":"M","category":"product","date":"2026-03-15","earnings_impact_pct":-2.0,"catalyst_timeline":"30_days"}],"key_takeaway":"TSLA at peak narrative intensity — bias formation score of 8.5 signals exploitable sentiment extreme. Triple test: INCONCLUSIVE. Monitor FSD v13 milestones for confirmation."}', 'M', 8.1, 'HIGH', 0.038, 35200, 'completed', '2026-02-19 11:15:00'),

  ('rr-004', 'mag7_monitor', '["AAPL","MSFT","GOOGL","AMZN","META","NVDA","TSLA"]', 'cron', 'claude-sonnet-4-5', 'batch', '# Magnificent 7 Weekly Scorecard\n\n## Week Ending Feb 21, 2026\n\n| Ticker | Price | Wk Chg | Mo Chg | AI Score | Signal |\n|--------|-------|--------|--------|----------|--------|\n| NVDA | $138.25 | +3.47% | +12.8% | 8.8 | Breakout |\n| META | $685.20 | +0.63% | +5.2% | 7.9 | Consolidation |\n| AMZN | $228.90 | +2.15% | +8.1% | 7.8 | Breakout |\n| MSFT | $452.80 | +0.85% | +3.4% | 7.8 | Consolidation |\n| GOOGL | $192.45 | -0.42% | +1.8% | 8.1 | Consolidation |\n| AAPL | $242.35 | +1.28% | -2.1% | 7.0 | Reversal |\n| TSLA | $352.40 | -1.82% | +18.5% | 8.1 | Episodic Pivot |', '{"impact_score":"M","ai_scores":{"tam":8.5,"bias_formation":7.0,"superlative_products":8.2,"disruption":7.8,"composite":7.9},"conviction_level":"HIGH","trade_signals":[{"type":"breakout","ticker":"NVDA","confidence":8.5,"engine":"stocks_leaps","entry_price":135.00,"stop_price":118.00,"target_price":175.00,"thesis":"Blackwell cycle strongest growth driver in Mag 7","invalidation":"Data center capex pullback","time_horizon":"6_months"}],"material_events":[],"key_takeaway":"NVDA leads the Mag 7 on Blackwell momentum. AMZN showing AWS AI inflection. TSLA most volatile — narrative-driven. AAPL weakest on Apple Intelligence adoption concerns."}', 'M', 7.9, 'HIGH', 0.021, 65000, 'completed', '2026-02-15 14:00:00'),

  ('rr-005', 'hot_micro', '["PLTR","CRWD"]', 'portal', 'claude-sonnet-4-5', 'standard', '# Hot Micro Trend Pipeline\n\n## Trend: Enterprise AI Security Co-Pilot Adoption\n\n### This Happened\nMultiple Fortune 500 CISOs reporting 3-5x productivity gains from AI-powered security operations platforms. CrowdStrike Charlotte AI and Palantir AIP for security seeing rapid POC-to-production conversion.\n\n### Why It Matters\nSecurity staffing shortage (3.4M unfilled positions globally) creates structural demand for AI augmentation. Companies deploying AI SOC tools report 60% reduction in mean-time-to-respond.\n\n### Winner Map\n- **CRWD**: Charlotte AI — integrated into Falcon platform, network effects from 25K+ customer telemetry\n- **PLTR**: AIP — government + enterprise security, unique data fusion capability\n\n### Confirmation\n1. Gartner Magic Quadrant shift toward AI-native vendors\n2. Federal cybersecurity executive order mandating AI tools\n3. Insurance underwriters requiring AI security for policy renewal', '{"impact_score":"M","ai_scores":{"tam":8.2,"bias_formation":6.0,"superlative_products":8.0,"disruption":7.5,"composite":7.4},"conviction_level":"MEDIUM","trade_signals":[],"material_events":[{"title":"Federal Cybersecurity AI Mandate","impact":"H","category":"regulatory","date":"2026-03-01","earnings_impact_pct":null,"catalyst_timeline":"30_days"}],"key_takeaway":"Enterprise AI security co-pilot adoption accelerating — CRWD and PLTR positioned as primary beneficiaries of structural security staffing shortage."}', 'M', 7.4, 'MEDIUM', 0.032, 31000, 'completed', '2026-02-18 16:45:00'),

  ('rr-006', 'aomg_scanner', '["NVDA","MSFT","GOOGL","AMD"]', 'cron', 'claude-opus-4-6', 'standard', '# AOMG Quarterly Deep Scan — Q1 2026\n\n## Top Area of Maximum Growth: AI Infrastructure & Compute\n\n### TAM Analysis\n- **TAM**: $450B by 2028 (GPU, custom silicon, data centers, cloud AI)\n- **SAM**: $180B (addressable by public market investable companies)\n- **SOM**: $45B (realistic capture by top 5 players)\n\n### Winner Map\n1. **NVDA** (Dominant) — 80%+ data center GPU share, Blackwell moat\n2. **MSFT** (Platform) — Azure AI, Copilot ecosystem, OpenAI partnership\n3. **GOOGL** (Challenger) — TPU v6, Gemini models, DeepMind research\n4. **AMD** (Fast Follower) — MI400 gaining enterprise traction', '{"impact_score":"H","ai_scores":{"tam":9.5,"bias_formation":7.0,"superlative_products":9.0,"disruption":8.5,"composite":8.5},"conviction_level":"HIGH","trade_signals":[],"material_events":[],"key_takeaway":"AI Infrastructure remains the #1 AOMG for Q1 2026. $450B TAM expanding at 35% CAGR. NVDA dominant, MSFT/GOOGL platform plays, AMD emerging challenger."}', 'H', 8.5, 'HIGH', 0.125, 120000, 'completed', '2026-02-01 14:00:00');

-- Sample Material Events linked to reports
INSERT OR IGNORE INTO material_events (id, report_id, ticker_id, event_title, event_description, impact_score, event_date, event_category, earnings_impact_pct, catalyst_timeline) VALUES
  ('me-001', 'rr-001', 't-nvda', 'Blackwell Ultra Production Ramp', 'Full production starting Q2 2026 with 40-60% ASP uplift vs prior generation', 'H', '2026-04-01', 'product', 15.0, '90_days'),
  ('me-002', 'rr-001', 't-nvda', 'Microsoft Azure AI Expansion Deal', '$8B multi-year commitment for next-gen GPU clusters', 'H', '2026-02-10', 'partnership', 8.0, 'immediate'),
  ('me-003', 'rr-001', 't-nvda', 'China Export Control Tightening', 'New restrictions on H20 chip variants, ~$4B annual revenue at risk', 'M', '2026-02-15', 'regulatory', -3.5, '30_days'),
  ('me-004', 'rr-002', 't-msft', 'Azure AI $15B ARR Milestone', '85% YoY growth rate sustained, Copilot enterprise seats passed 2M', 'H', '2026-02-18', 'earnings', 12.0, 'immediate'),
  ('me-005', 'rr-002', 't-msft', 'Gaming Division Strategic Review', 'Potential restructuring of Activision integration, $3-5B cost savings', 'M', '2026-02-20', 'management', 3.0, '90_days');

-- Sample Trade Signals
INSERT OR IGNORE INTO trade_signals (id, ticker_id, report_id, signal_type, confidence, engine, entry_price, stop_price, target_price, risk_reward_ratio, position_size_pct, thesis, invalidation_criteria, time_horizon, is_active, created_at) VALUES
  ('ts-001', 't-nvda', 'rr-001', 'breakout', 8.5, 'stocks_leaps', 135.00, 118.00, 175.00, 2.35, 8.0, 'Blackwell Ultra ramp creates 40%+ revenue growth visibility through 2027', 'Hyperscaler capex cuts or Blackwell yield issues', '6_months', 1, '2026-02-21'),
  ('ts-002', 't-msft', 'rr-002', 'breakout', 7.8, 'stocks_leaps', 445.00, 415.00, 520.00, 2.50, 7.0, 'Azure AI monetization inflection drives re-rating', 'Azure growth deceleration below 30%', '6_months', 1, '2026-02-20'),
  ('ts-003', 't-amzn', NULL, 'breakout', 7.5, 'stocks_leaps', 220.00, 198.00, 280.00, 2.73, 6.0, 'AWS AI services + retail margin expansion dual catalyst', 'AWS growth drops below 15% or margin compression', '6_months', 1, '2026-02-15'),
  ('ts-004', 't-crwd', NULL, 'consolidation', 6.8, 'options', 390.00, 355.00, 460.00, 2.00, 3.0, 'Charlotte AI adoption driving net-new ARR acceleration', 'Competitive share loss to Palo Alto or SentinelOne', '90_days', 1, '2026-02-14');

-- Sample Portfolio Positions
INSERT OR IGNORE INTO portfolio_positions (id, ticker_id, engine, entry_price, entry_date, current_price, size_pct, stop_price, stop_distance_pct, heat_contribution, target_price, pnl_pct, pnl_usd, r_multiple, thesis, status) VALUES
  ('pp-001', 't-nvda', 'stocks_leaps', 118.50, '2025-11-15', 138.25, 8.0, 105.00, 11.4, 0.91, 175.00, 16.67, 1580.00, 1.46, 'Blackwell cycle — dominant AI compute position', 'open'),
  ('pp-002', 't-msft', 'stocks_leaps', 428.00, '2025-12-01', 452.80, 7.0, 400.00, 6.5, 0.46, 520.00, 5.79, 1736.00, 0.89, 'Azure AI + Copilot monetization inflection', 'open'),
  ('pp-003', 't-amzn', 'stocks_leaps', 205.00, '2025-12-15', 228.90, 6.0, 188.00, 8.3, 0.50, 280.00, 11.66, 1434.00, 1.41, 'AWS AI + retail margin dual catalyst', 'open'),
  ('pp-004', 't-meta', 'stocks_leaps', 620.00, '2026-01-10', 685.20, 6.0, 570.00, 8.1, 0.48, 800.00, 10.52, 3912.00, 1.30, 'Reality Labs optionality + ad revenue growth', 'open'),
  ('pp-005', 't-crwd', 'options', 380.00, '2026-01-20', 398.50, 3.0, 0.00, 100.0, 3.00, 460.00, 4.87, 555.00, 0.24, 'Charlotte AI driving ARR acceleration — Apr calls', 'open'),
  ('pp-006', 't-pltr', 'options', 98.00, '2026-02-01', 112.80, 2.5, 0.00, 100.0, 2.50, 140.00, 15.10, 370.00, 0.35, 'AIP enterprise pipeline conversion — Jun calls', 'open');

-- Sample Observations
INSERT OR IGNORE INTO observations (id, happened_text, why_matters, watch_next, ticker_symbols, kpi, category, is_promoted, created_at) VALUES
  ('obs-001', 'GitHub Copilot enterprise seat count passed 2M (up from 1.3M in Q3). Satya confirmed on earnings call that "AI is now the fastest-growing product category in Microsoft history."', 'Validates the enterprise AI co-pilot adoption thesis. 54% sequential growth in seats suggests we are still in early innings of the S-curve. This directly feeds Azure consumption (Copilot runs on Azure).', 'Watch MSFT Azure AI revenue disclosure in Q2 report. Key threshold: $20B ARR would confirm hyper-growth sustainment.', '["MSFT"]', 'Copilot enterprise seats', 'technology', 0, '2026-02-18 10:30:00'),
  ('obs-002', 'Three major insurance carriers (Zurich, AIG, Chubb) now requiring AI-powered SOC tools as condition for cyber insurance policy renewal. First-ever mandate of this kind.', 'Creates a regulatory-like forcing function for enterprise security AI adoption. Companies without AI security tools will face 30-50% premium increases. This is a structural demand catalyst for CRWD and PLTR.', 'Monitor next quarter cyber insurance pricing data. Watch for more carriers adopting this requirement. Track CRWD Charlotte AI seat metrics.', '["CRWD","PLTR"]', 'Carriers requiring AI SOC tools', 'regulatory', 1, '2026-02-16 14:20:00'),
  ('obs-003', 'TSMC January revenue up 38% YoY — driven primarily by advanced node (N3/N5) demand for AI chips. N3 capacity utilization at 95%.', 'TSMC is the canary in the AI coal mine. 38% growth at this scale confirms the AI hardware capex cycle is not slowing. N3 utilization at 95% means supply constraints persist, supporting NVDA/AMD pricing power.', 'Watch TSMC monthly revenue data for deceleration signals. Key risk: if growth drops below 25%, signals potential AI capex pullback.', '["NVDA","AMD"]', 'TSMC monthly revenue YoY growth', 'technology', 0, '2026-02-14 09:15:00'),
  ('obs-004', 'Waymo now completing 200K+ paid rides per week across SF, LA, Phoenix, Austin. 3x increase from 6 months ago. Zero fatalities in 2025-2026.', 'Waymo is the leading indicator for autonomous driving commercialization. If Waymo can scale profitably, it validates the autonomous thesis for TSLA (robotaxi) and creates competitive pressure. The safety record undermines regulatory opposition.', 'Watch for Waymo expansion to NYC (rumored Q2 2026). Track TSLA FSD v13 unsupervised launch timeline. Monitor ride-hailing incumbents (UBER, LYFT) strategic responses.', '["TSLA","GOOGL"]', 'Waymo weekly paid rides', 'consumer_behavior', 0, '2026-02-12 16:00:00');

-- Sample Bias Mode Check
INSERT OR IGNORE INTO bias_mode_checks (id, ticker_id, report_id, fundamental_score, market_score, sentiment_score, alt_data_score, weighted_composite, triple_test_result, key_signals, checked_at) VALUES
  ('bmc-001', 't-tsla', 'rr-003', 4.2, 6.8, 8.5, 5.5, 6.2, 'inconclusive', '["95x forward PE at extreme","Robotaxi narrative at peak intensity","Short interest creating squeeze dynamics","FSD v13 milestone uncertainty"]', '2026-02-19');
